{"cameraMode":{"drawMode":0,"name":"Shaded","section":"Shading Mode"},"sceneLighting":true,"audioPlay":false,"sceneViewState":{"m_AlwaysRefresh":false,"showFog":false,"showSkybox":false,"showFlares":false,"showImageEffects":false,"showParticleSystems":false,"showVisualEffectGraphs":true,"m_FxEnabled":true},"in2DMode":false,"pivot":{"x":-0.17672847211360932,"y":-0.2968425154685974,"z":1.214513897895813},"rotation":{"x":0.2828264534473419,"y":-0.06468424946069718,"z":0.019130859524011613,"w":0.9568089246749878},"size":4.0793256759643559,"orthographic":false}