{"cameraMode":{"drawMode":0,"name":"Shaded","section":"Shading Mode"},"sceneLighting":false,"audioPlay":false,"sceneViewState":{"showFog":true,"showMaterialUpdate":false,"showSkybox":false,"showFlares":true,"showImageEffects":true,"showParticleSystems":true},"in2DMode":false,"pivot":{"x":0.32316309213638308,"y":1.671653151512146,"z":-0.6993200778961182},"rotation":{"x":0.10917355865240097,"y":0.43575626611709597,"z":-0.05334331467747688,"w":0.8918256163597107},"size":2.7641680240631105,"orthographic":false}