{"cameraMode":{"drawMode":0,"name":"Shaded","section":"Shading Mode"},"sceneLighting":true,"audioPlay":false,"sceneViewState":{"showFog":false,"showMaterialUpdate":false,"showSkybox":false,"showFlares":false,"showImageEffects":false,"showParticleSystems":false},"in2DMode":false,"pivot":{"x":0.2918529510498047,"y":0.05708910524845123,"z":0.07696247100830078},"rotation":{"x":0.2828264534473419,"y":-0.06468424946069718,"z":0.019130859524011613,"w":0.9568089246749878},"size":2.5489115715026857,"orthographic":false}