{"cameraMode":{"drawMode":0,"name":"Shaded","section":"Shading Mode"},"sceneLighting":true,"audioPlay":false,"sceneViewState":{"showFog":true,"showMaterialUpdate":false,"showSkybox":true,"showFlares":true,"showImageEffects":true,"showParticleSystems":true},"in2DMode":false,"pivot":{"x":12.576742172241211,"y":0.5667868852615356,"z":-6.201251983642578},"rotation":{"x":-0.19833889603614808,"y":0.03733011707663536,"z":-0.007559782359749079,"w":-0.9793932437896729},"size":128.4307098388672,"orthographic":false}