{"cameraMode":{"drawMode":0,"name":"Shaded","section":"Shading Mode"},"sceneLighting":false,"audioPlay":false,"sceneViewState":{"showFog":false,"showMaterialUpdate":false,"showSkybox":false,"showFlares":false,"showImageEffects":false,"showParticleSystems":false,"showVisualEffectGraphs":true,"m_FxEnabled":true},"in2DMode":false,"pivot":{"x":0.8384156227111816,"y":-0.0057863593101501469,"z":-0.5198830962181091},"rotation":{"x":0.2828264534473419,"y":-0.06468424946069718,"z":0.019130859524011613,"w":0.9568089246749878},"size":1.8545563220977784,"orthographic":false}